Workbook

Sheet KPI Overview
C1: INTEGRATED TECHNICS
C3: Annul KPI Evaluation | Job Title: Junior ELV / Light Current Site Engineer | Department: Engineering
A6: # | B6: Category | C6: KPI / Metric Name | D6: Definition (What it measures) | E6: How it's measured | F6: Weight (%) | G6: Target
A7: 1 | B7: Installation & Technical Execution | C7: On-Time Installation Completion | D7: Measures whether installation work is delivered at the pace the project schedule needs, directly affecting the overall project timeline. | E7: % of installation tasks completed on schedule (tasks completed on schedule ÷ total tasks assigned), tracked monthly from site progress reports | F7: 0.05 | G7: 0.95
A8: 2 | B8: Installation & Technical Execution | C8: First-Time Compliance with Approved Shop Drawings | D8: Measures the ability to read and execute against approved drawings correctly without repeated inspection cycles. | E8: % of installations passing inspection against shop drawings on first attempt (passed ÷ total inspected) | F8: 0.05 | G8: 0.9
A9: 3 | B9: Commissioning & System Programming | C9: Systems Commissioned On Time | D9: Measures delivery of commissioning on plan; commissioning delays are one of the most common causes of handover slippage. | E9: % of systems commissioned on/before the planned date (systems on time ÷ total systems assigned for commissioning) | F9: 0.075 | G9: 0.9
A10: 4 | B10: Commissioning & System Programming | C10: First-Time Pass Rate on Startup / Commissioning Tests | D10: Measures programming accuracy and readiness before requesting formal witness testing. | E10: % of systems passing startup tests on first attempt (passed first time ÷ total systems tested) | F10: 0.075 | G10: 0.9
A11: 5 | B11: System Integration | C11: ELV Systems Verified as Correctly Integrated | D11: Measures that ELV systems (CCTV, Access Control, Fire Alarm, etc.) interface with each other as designed, not just installed in isolation; the core differentiator of the role. | E11: % of systems confirmed interfacing correctly per project requirement (confirmed ÷ total systems requiring integration) | F11: 0.075 | G11: 0.9
A12: 6 | B12: System Integration | C12: Integration Issues Resolved Before Handover | D12: Measures closure of integration issues before handover; unresolved issues create client complaints and warranty callbacks. | E12: % of integration issues closed before handover (closed ÷ total integration issues logged) | F12: 0.075 | G12: 0.9
A13: 7 | B13: Troubleshooting & Testing | C13: Response Time to On-Site Technical Issues | D13: Measures how quickly on-site technical issues are picked up, minimizing site downtime and avoiding blocking other disciplines (Electrical, Mechanical, Fit-out). | E13: % of on-site technical issues responded to within 24 hours of being reported (from the site issue tracker) | F13: 0.1 | G13: 0.9
A14: 8 | B14: Troubleshooting & Testing | C14: Recurring Fault Rate (Permanent Fix Rate) | D14: Distinguishes genuine root-cause troubleshooting from temporary patch fixes. | E14: % of faults handled that did not recur after the fix (1 − recurring fault rate) | F14: 0.05 | G14: 0.9
A15: 9 | B15: Reporting & Support | C15: Timeliness of Site Progress Reports | D15: Measures whether accurate, on-time reporting is provided so management can track site status and forecast risk. | E15: % of site progress reports submitted by the deadline (weekly or as assigned) (submitted on time ÷ total due) | F15: 0.05 | G15: 1
A16: 10 | B16: Reporting & Support | C16: Senior Engineer Satisfaction (Testing & Commissioning Support) | D16: Captures the quality of support given to senior/lead engineers during Testing & Commissioning, which is hard to quantify otherwise. | E16: Average rating (1–5) given by senior/lead engineers, collected quarterly. Enter as % of 5 (e.g. 4/5 = 80%) | F16: 0.05 | G16: 0.8
A17: 11 | B17: Cross-Discipline Coordination | C17: Interface Issues Resolved Without Escalation | D17: Measures the ability to resolve day-to-day conflicts with Electrical / Mechanical / Fit-out directly, reducing management overhead. | E17: % of interface issues resolved at site level (resolved without escalation ÷ total interface issues raised) | F17: 0.05 | G17: 0.9
A18: 12 | B18: Cross-Discipline Coordination | C18: Cross-Discipline Issue Resolution Time | D18: Measures how fast cross-discipline issues are closed, keeping the overall site programme moving across all trades. | E18: Score % based on average working days from issue identification to resolution: 100% if average ≤ 3 days, reducing proportionally to 0% at 6 days or more | F18: 0.05 | G18: 1
... A23: 17 | B23: Soft Skills / Behavioral Competencies | C23: Teamwork, Communication & Eagerness to Learn | D23: Covers coordination quality with other disciplines, clarity of communication (including English) and the proactive learning attitude expected of the role. | E23: Supervisor rating (1–5) on coordination with team/other disciplines, communication clarity and proactiveness in learning new systems. Enter as % of 5 | F23: 0.05 | G23: 0.8
E24: Total Weight | F24: =SUM(F7:F23) -> 1

Sheet Annul Evaluation
C1: INTEGRATED TECHNICS
C3: Annul KPI Evaluation — Junior ELV / Light Current Site Engineer
A5: Employee Name: | F5: Evaluator: | K5: Year:
A6: Yellow cells = enter each quarter's Actual result as a % (e.g. 95% = 0.95); for rating KPIs enter rating ÷ 5 (4/5 = 80%); see 'How it's measured' on the KPI Overview sheet. Achievement % and Score calculate automatically. All KPIs are 'higher is better'.
A8: # | B8: KPI / Metric Name | C8: Weight (%) | D8: Target | E8: Q1 Actual | F8: Q1 Achv % | G8: Q1 Score | H8: Q2 Actual | I8: Q2 Achv % | J8: Q2 Score | K8: Q3 Actual | L8: Q3 Achv % | M8: Q3 Score | N8: Q4 Actual | O8: Q4 Achv % | P8: Q4 Score | Q8: Annual Weighted Score
A9: 1 | B9: ='KPI Overview'!C7 -> On-Time Installation Completion | C9: ='KPI Overview'!F7 -> 0.05 | D9: ='KPI Overview'!G7 -> 0.95 | F9: =IF(E9="","",MIN(E9/$D9,1)) | G9: =IF(F9="","",F9*$C9) | I9: =IF(H9="","",MIN(H9/$D9,1)) | J9: =IF(I9="","",I9*$C9) | L9: =IF(K9="","",MIN(K9/$D9,1)) | M9: =IF(L9="","",L9*$C9) | O9: =IF(N9="","",MIN(N9/$D9,1)) | P9: =IF(O9="","",O9*$C9) | Q9: =IFERROR(AVERAGE(G9,J9,M9,P9),"")
A10: 2 | B10: ='KPI Overview'!C8 -> First-Time Compliance with Approved Shop Drawings | C10: ='KPI Overview'!F8 -> 0.05 | D10: ='KPI Overview'!G8 -> 0.9 | F10: =IF(E10="","",MIN(E10/$D10,1)) | G10: =IF(F10="","",F10*$C10) | I10: =IF(H10="","",MIN(H10/$D10,1)) | J10: =IF(I10="","",I10*$C10) | L10: =IF(K10="","",MIN(K10/$D10,1)) | M10: =IF(L10="","",L10*$C10) | O10: =IF(N10="","",MIN(N10/$D10,1)) | P10: =IF(O10="","",O10*$C10) | Q10: =IFERROR(AVERAGE(G10,J10,M10,P10),"")
A11: 3 | B11: ='KPI Overview'!C9 -> Systems Commissioned On Time | C11: ='KPI Overview'!F9 -> 0.075 | D11: ='KPI Overview'!G9 -> 0.9 | F11: =IF(E11="","",MIN(E11/$D11,1)) | G11: =IF(F11="","",F11*$C11) | I11: =IF(H11="","",MIN(H11/$D11,1)) | J11: =IF(I11="","",I11*$C11) | L11: =IF(K11="","",MIN(K11/$D11,1)) | M11: =IF(L11="","",L11*$C11) | O11: =IF(N11="","",MIN(N11/$D11,1)) | P11: =IF(O11="","",O11*$C11) | Q11: =IFERROR(AVERAGE(G11,J11,M11,P11),"")
A12: 4 | B12: ='KPI Overview'!C10 -> First-Time Pass Rate on Startup / Commissioning Tests | C12: ='KPI Overview'!F10 -> 0.075 | D12: ='KPI Overview'!G10 -> 0.9 | F12: =IF(E12="","",MIN(E12/$D12,1)) | G12: =IF(F12="","",F12*$C12) | I12: =IF(H12="","",MIN(H12/$D12,1)) | J12: =IF(I12="","",I12*$C12) | L12: =IF(K12="","",MIN(K12/$D12,1)) | M12: =IF(L12="","",L12*$C12) | O12: =IF(N12="","",MIN(N12/$D12,1)) | P12: =IF(O12="","",O12*$C12) | Q12: =IFERROR(AVERAGE(G12,J12,M12,P12),"")
A13: 5 | B13: ='KPI Overview'!C11 -> ELV Systems Verified as Correctly Integrated | C13: ='KPI Overview'!F11 -> 0.075 | D13: ='KPI Overview'!G11 -> 0.9 | F13: =IF(E13="","",MIN(E13/$D13,1)) | G13: =IF(F13="","",F13*$C13) | I13: =IF(H13="","",MIN(H13/$D13,1)) | J13: =IF(I13="","",I13*$C13) | L13: =IF(K13="","",MIN(K13/$D13,1)) | M13: =IF(L13="","",L13*$C13) | O13: =IF(N13="","",MIN(N13/$D13,1)) | P13: =IF(O13="","",O13*$C13) | Q13: =IFERROR(AVERAGE(G13,J13,M13,P13),"")
A14: 6 | B14: ='KPI Overview'!C12 -> Integration Issues Resolved Before Handover | C14: ='KPI Overview'!F12 -> 0.075 | D14: ='KPI Overview'!G12 -> 0.9 | F14: =IF(E14="","",MIN(E14/$D14,1)) | G14: =IF(F14="","",F14*$C14) | I14: =IF(H14="","",MIN(H14/$D14,1)) | J14: =IF(I14="","",I14*$C14) | L14: =IF(K14="","",MIN(K14/$D14,1)) | M14: =IF(L14="","",L14*$C14) | O14: =IF(N14="","",MIN(N14/$D14,1)) | P14: =IF(O14="","",O14*$C14) | Q14: =IFERROR(AVERAGE(G14,J14,M14,P14),"")
A15: 7 | B15: ='KPI Overview'!C13 -> Response Time to On-Site Technical Issues | C15: ='KPI Overview'!F13 -> 0.1 | D15: ='KPI Overview'!G13 -> 0.9 | F15: =IF(E15="","",MIN(E15/$D15,1)) | G15: =IF(F15="","",F15*$C15) | I15: =IF(H15="","",MIN(H15/$D15,1)) | J15: =IF(I15="","",I15*$C15) | L15: =IF(K15="","",MIN(K15/$D15,1)) | M15: =IF(L15="","",L15*$C15) | O15: =IF(N15="","",MIN(N15/$D15,1)) | P15: =IF(O15="","",O15*$C15) | Q15: =IFERROR(AVERAGE(G15,J15,M15,P15),"")
A16: 8 | B16: ='KPI Overview'!C14 -> Recurring Fault Rate (Permanent Fix Rate) | C16: ='KPI Overview'!F14 -> 0.05 | D16: ='KPI Overview'!G14 -> 0.9 | F16: =IF(E16="","",MIN(E16/$D16,1)) | G16: =IF(F16="","",F16*$C16) | I16: =IF(H16="","",MIN(H16/$D16,1)) | J16: =IF(I16="","",I16*$C16) | L16: =IF(K16="","",MIN(K16/$D16,1)) | M16: =IF(L16="","",L16*$C16) | O16: =IF(N16="","",MIN(N16/$D16,1)) | P16: =IF(O16="","",O16*$C16) | Q16: =IFERROR(AVERAGE(G16,J16,M16,P16),"")
A17: 9 | B17: ='KPI Overview'!C15 -> Timeliness of Site Progress Reports | C17: ='KPI Overview'!F15 -> 0.05 | D17: ='KPI Overview'!G15 -> 1 | F17: =IF(E17="","",MIN(E17/$D17,1)) | G17: =IF(F17="","",F17*$C17) | I17: =IF(H17="","",MIN(H17/$D17,1)) | J17: =IF(I17="","",I17*$C17) | L17: =IF(K17="","",MIN(K17/$D17,1)) | M17: =IF(L17="","",L17*$C17) | O17: =IF(N17="","",MIN(N17/$D17,1)) | P17: =IF(O17="","",O17*$C17) | Q17: =IFERROR(AVERAGE(G17,J17,M17,P17),"")
A18: 10 | B18: ='KPI Overview'!C16 -> Senior Engineer Satisfaction (Testing & Commissioning Support) | C18: ='KPI Overview'!F16 -> 0.05 | D18: ='KPI Overview'!G16 -> 0.8 | F18: =IF(E18="","",MIN(E18/$D18,1)) | G18: =IF(F18="","",F18*$C18) | I18: =IF(H18="","",MIN(H18/$D18,1)) | J18: =IF(I18="","",I18*$C18) | L18: =IF(K18="","",MIN(K18/$D18,1)) | M18: =IF(L18="","",L18*$C18) | O18: =IF(N18="","",MIN(N18/$D18,1)) | P18: =IF(O18="","",O18*$C18) | Q18: =IFERROR(AVERAGE(G18,J18,M18,P18),"")
A19: 11 | B19: ='KPI Overview'!C17 -> Interface Issues Resolved Without Escalation | C19: ='KPI Overview'!F17 -> 0.05 | D19: ='KPI Overview'!G17 -> 0.9 | F19: =IF(E19="","",MIN(E19/$D19,1)) | G19: =IF(F19="","",F19*$C19) | I19: =IF(H19="","",MIN(H19/$D19,1)) | J19: =IF(I19="","",I19*$C19) | L19: =IF(K19="","",MIN(K19/$D19,1)) | M19: =IF(L19="","",L19*$C19) | O19: =IF(N19="","",MIN(N19/$D19,1)) | P19: =IF(O19="","",O19*$C19) | Q19: =IFERROR(AVERAGE(G19,J19,M19,P19),"")
A20: 12 | B20: ='KPI Overview'!C18 -> Cross-Discipline Issue Resolution Time | C20: ='KPI Overview'!F18 -> 0.05 | D20: ='KPI Overview'!G18 -> 1 | F20: =IF(E20="","",MIN(E20/$D20,1)) | G20: =IF(F20="","",F20*$C20) | I20: =IF(H20="","",MIN(H20/$D20,1)) | J20: =IF(I20="","",I20*$C20) | L20: =IF(K20="","",MIN(K20/$D20,1)) | M20: =IF(L20="","",L20*$C20) | O20: =IF(N20="","",MIN(N20/$D20,1)) | P20: =IF(O20="","",O20*$C20) | Q20: =IFERROR(AVERAGE(G20,J20,M20,P20),"")
... A25: 17 | B25: ='KPI Overview'!C23 -> Teamwork, Communication & Eagerness to Learn | C25: ='KPI Overview'!F23 -> 0.05 | D25: ='KPI Overview'!G23 -> 0.8 | F25: =IF(E25="","",MIN(E25/$D25,1)) | G25: =IF(F25="","",F25*$C25) | I25: =IF(H25="","",MIN(H25/$D25,1)) | J25: =IF(I25="","",I25*$C25) | L25: =IF(K25="","",MIN(K25/$D25,1)) | M25: =IF(L25="","",L25*$C25) | O25: =IF(N25="","",MIN(N25/$D25,1)) | P25: =IF(O25="","",O25*$C25) | Q25: =IFERROR(AVERAGE(G25,J25,M25,P25),"")
B27: TOTAL | C27: =SUM(C9:C25) -> 1 | G27: =SUM(G9:G25) -> 0 | J27: =SUM(J9:J25) -> 0 | M27: =SUM(M9:M25) -> 0 | P27: =SUM(P9:P25) -> 0 | Q27: =SUM(Q9:Q25) -> 0
A29: Rating Scale: 90-100% Outstanding | 75-89% Exceeds Expectations | 60-74% Meets Expectations | 40-59% Needs Improvement | <40% Unsatisfactory
